{"cameraMode":{"drawMode":0,"name":"Shaded","section":"Shading Mode"},"sceneLighting":true,"audioPlay":false,"sceneViewState":{"showFog":true,"showMaterialUpdate":false,"showSkybox":true,"showFlares":true,"showImageEffects":true,"showParticleSystems":true},"in2DMode":false,"pivot":{"x":1.1923828125,"y":1.254638671875,"z":17.8212890625},"rotation":{"x":0.1339145302772522,"y":-0.17590178549289704,"z":0.024159397929906846,"w":0.974957287311554},"size":7.46307373046875,"orthographic":true}