{"cameraMode":{"drawMode":0,"name":"Shaded","section":"Shading Mode"},"sceneLighting":true,"audioPlay":false,"sceneViewState":{"showFog":true,"showMaterialUpdate":false,"showSkybox":true,"showFlares":true,"showImageEffects":true,"showParticleSystems":true},"in2DMode":false,"pivot":{"x":-0.1236327737569809,"y":1.125,"z":-1.034019947052002},"rotation":{"x":0.08435586094856262,"y":0.6189178824424744,"z":0.06710277497768402,"w":-0.778024435043335},"size":3.158270835876465,"orthographic":true}