{"cameraMode":{"drawMode":0,"name":"Shaded","section":"Shading Mode"},"sceneLighting":true,"audioPlay":false,"sceneViewState":{"showFog":true,"showMaterialUpdate":false,"showSkybox":true,"showFlares":true,"showImageEffects":true,"showParticleSystems":true},"in2DMode":false,"pivot":{"x":21.93838882446289,"y":12.758968353271485,"z":39.23042297363281},"rotation":{"x":-0.10557980835437775,"y":0.47211864590644839,"z":-0.05707641690969467,"w":-0.8733265399932861},"size":86.80718231201172,"orthographic":false}