{"cameraMode":{"drawMode":0,"name":"Shaded","section":"Shading Mode"},"sceneLighting":true,"audioPlay":false,"sceneViewState":{"showFog":true,"showMaterialUpdate":false,"showSkybox":true,"showFlares":true,"showImageEffects":true,"showParticleSystems":true},"in2DMode":false,"pivot":{"x":0.0,"y":-2.0092382431030275,"z":0.961820125579834},"rotation":{"x":0.7112563848495483,"y":-0.01054238248616457,"z":0.010669627226889134,"w":0.7027726173400879},"size":8.75971794128418,"orthographic":false}