{"cameraMode":{"drawMode":0,"name":"Shaded","section":"Shading Mode"},"sceneLighting":true,"audioPlay":false,"sceneViewState":{"showFog":true,"showMaterialUpdate":false,"showSkybox":true,"showFlares":true,"showImageEffects":true,"showParticleSystems":true},"in2DMode":false,"pivot":{"x":-73.94261169433594,"y":-47.679325103759769,"z":-10.057251930236817},"rotation":{"x":-0.1850728690624237,"y":0.7214187979698181,"z":-0.2108866423368454,"w":-0.6331111788749695},"size":94.24291229248047,"orthographic":false}